{
  "_comment": "Extended Math Optional Charset - 次常用数学符号，默认关闭",
  "name": "extended-math-optional",
  "version": "1.0.0",
  "categories": {
    "operators": {
      "characters": ["⊎", "⊓", "⊔", "⊞", "⊟", "⊠", "⊡", "⋅", "⋆", "⋇"],
      "codepoints": ["0x228E", "0x2293", "0x2294", "0x229E", "0x229F", "0x22A0", "0x22A1", "0x22C5", "0x22C6", "0x22C7"],
      "keepOriginalAdvance": true,
      "enablePathCentering": true
    },
    "relations": {
      "characters": ["≲", "≳", "≶", "≷", "≼", "≽", "⊏", "⊐", "⊑", "⊒"],
      "codepoints": ["0x2272", "0x2273", "0x2276", "0x2277", "0x227C", "0x227D", "0x228F", "0x2290", "0x2291", "0x2292"],
      "keepOriginalAdvance": true,
      "enablePathCentering": true
    },
    "logic": {
      "characters": ["⊨", "⊢", "⊣", "⊦", "⊧", "⊩", "⊪", "⊫", "⊬", "⊭"],
      "codepoints": ["0x22A8", "0x22A2", "0x22A3", "0x22A6", "0x22A7", "0x22A9", "0x22AA", "0x22AB", "0x22AC", "0x22AD"],
      "keepOriginalAdvance": true,
      "enablePathCentering": false
    },
    "sets": {
      "characters": ["⋂", "⋃", "⋀", "⋁", "⋈", "⋉", "⋊", "⋋", "⋌"],
      "codepoints": ["0x22C2", "0x22C3", "0x22C0", "0x22C1", "0x22C8", "0x22C9", "0x22CA", "0x22CB", "0x22CC"],
      "keepOriginalAdvance": true,
      "enablePathCentering": false
    },
    "arrows": {
      "characters": ["⇄", "⇅", "⇆", "⇇", "⇈", "⇉", "⇊", "⇋", "⇌", "⇍"],
      "codepoints": ["0x21C4", "0x21C5", "0x21C6", "0x21C7", "0x21C8", "0x21C9", "0x21CA", "0x21CB", "0x21CC", "0x21CD"],
      "keepOriginalAdvance": true,
      "enablePathCentering": false
    },
    "misc": {
      "characters": ["⊛", "⊜", "⊝", "⊞", "⊟", "⊠", "⊡", "⊢", "⊣"],
      "codepoints": ["0x229B", "0x229C", "0x229D", "0x229E", "0x229F", "0x22A0", "0x22A1", "0x22A2", "0x22A3"],
      "keepOriginalAdvance": true,
      "enablePathCentering": false
    }
  },
  "homoglyphs": [],
  "normalizedMappings": []
}
