{
  "_comment": "Extended Math Default Charset - 常用数学符号，默认启用",
  "name": "extended-math-default",
  "version": "1.0.0",
  "categories": {
    "operators": {
      "characters": ["±", "×", "÷", "·", "∓", "∗", "∘", "⊕", "⊗", "⊙"],
      "codepoints": ["0x00B1", "0x00D7", "0x00F7", "0x00B7", "0x2213", "0x2217", "0x2218", "0x2295", "0x2297", "0x2299"],
      "keepOriginalAdvance": true,
      "enablePathCentering": true
    },
    "relations": {
      "characters": ["≈", "≃", "≅", "≡", "≠", "≤", "≥", "≪", "≫", "∝", "≺", "≻", "⊂", "⊃", "⊆", "⊇"],
      "codepoints": ["0x2248", "0x2243", "0x2245", "0x2261", "0x2260", "0x2264", "0x2265", "0x226A", "0x226B", "0x221D", "0x227A", "0x227B", "0x2282", "0x2283", "0x2286", "0x2287"],
      "keepOriginalAdvance": true,
      "enablePathCentering": true
    },
    "logic": {
      "characters": ["∵", "∴", "∀", "∃", "¬", "∧", "∨", "⊤", "⊥"],
      "codepoints": ["0x2235", "0x2234", "0x2200", "0x2203", "0x00AC", "0x2227", "0x2228", "0x22A4", "0x22A5"],
      "keepOriginalAdvance": true,
      "enablePathCentering": false
    },
    "sets": {
      "characters": ["∈", "∉", "∪", "∩", "∅", "⊂", "⊃", "⊆", "⊇", "⊄", "⊅"],
      "codepoints": ["0x2208", "0x2209", "0x222A", "0x2229", "0x2205", "0x2282", "0x2283", "0x2286", "0x2287", "0x2284", "0x2285"],
      "keepOriginalAdvance": true,
      "enablePathCentering": false
    },
    "arrows": {
      "characters": ["→", "←", "↔", "⇒", "⇐", "⇔", "↑", "↓", "⇑", "⇓", "↗", "↘", "↖", "↙"],
      "codepoints": ["0x2192", "0x2190", "0x2194", "0x21D2", "0x21D0", "0x21D4", "0x2191", "0x2193", "0x21D1", "0x21D3", "0x2197", "0x2198", "0x2196", "0x2199"],
      "keepOriginalAdvance": true,
      "enablePathCentering": false
    },
    "misc": {
      "characters": ["∞", "∠", "°", "′", "″", "∂", "∇", "ℓ", "ℏ", "℘"],
      "codepoints": ["0x221E", "0x2220", "0x00B0", "0x2032", "0x2033", "0x2202", "0x2207", "0x2113", "0x210F", "0x2118"],
      "keepOriginalAdvance": true,
      "enablePathCentering": false
    }
  },
  "homoglyphs": [
    {
      "group": "minus",
      "codepoints": ["0x002D", "0xFF0D", "0x2212"],
      "preferredSource": ["0x2212", "0x002D", "0xFF0D"],
      "description": "HYPHEN-MINUS, FULLWIDTH HYPHEN-MINUS, MINUS SIGN"
    },
    {
      "group": "slash",
      "codepoints": ["0x002F", "0x2215"],
      "preferredSource": ["0x002F", "0x2215"],
      "description": "SOLIDUS, DIVISION SLASH"
    },
    {
      "group": "vertical-line",
      "codepoints": ["0x007C", "0x2223"],
      "preferredSource": ["0x007C", "0x2223"],
      "description": "VERTICAL LINE, DIVIDES"
    },
    {
      "group": "not-sign",
      "codepoints": ["0x00AC", "0xFFE2"],
      "preferredSource": ["0x00AC", "0xFFE2"],
      "description": "NOT SIGN, FULLWIDTH NOT SIGN"
    }
  ],
  "normalizedMappings": [
    {
      "from": "0xFF1C",
      "to": "0x003C",
      "description": "Fullwidth < → ASCII <"
    },
    {
      "from": "0xFF1E",
      "to": "0x003E",
      "description": "Fullwidth > → ASCII >"
    },
    {
      "from": "0xFF1D",
      "to": "0x003D",
      "description": "Fullwidth = → ASCII ="
    },
    {
      "from": "0xFF0B",
      "to": "0x002B",
      "description": "Fullwidth + → ASCII +"
    }
  ]
}
