{
  "_comment": "Extended Text Symbols Charset - 全角符号和特殊文本符号，默认关闭",
  "name": "extended-text-symbols",
  "version": "1.0.0",
  "categories": {
    "fullwidth-punctuation": {
      "characters": ["！", "？", "，", "。", "：", "；", "、"],
      "codepoints": ["0xFF01", "0xFF1F", "0xFF0C", "0x3002", "0xFF1A", "0xFF1B", "0x3001"],
      "keepOriginalAdvance": false,
      "enablePathCentering": false
    },
    "fullwidth-brackets": {
      "characters": ["（", "）", "［", "］", "｛", "｝", "〈", "〉", "《", "》", "「", "」", "『", "』"],
      "codepoints": ["0xFF08", "0xFF09", "0xFF3B", "0xFF3D", "0xFF5B", "0xFF5D", "0x3008", "0x3009", "0x300A", "0x300B", "0x300C", "0x300D", "0x300E", "0x300F"],
      "keepOriginalAdvance": false,
      "enablePathCentering": false
    },
    "special-symbols": {
      "characters": ["※", "§", "¶", "†", "‡", "•", "◦", "‣", "⁃", "⁎", "⁑", "⁂"],
      "codepoints": ["0x203B", "0x00A7", "0x00B6", "0x2020", "0x2021", "0x2022", "0x25E6", "0x2023", "0x2043", "0x204E", "0x2051", "0x2042"],
      "keepOriginalAdvance": false,
      "enablePathCentering": false
    },
    "currency": {
      "characters": ["¥", "€", "£", "¢", "₩", "₪", "₹", "₽"],
      "codepoints": ["0x00A5", "0x20AC", "0x00A3", "0x00A2", "0x20A9", "0x20AA", "0x20B9", "0x20BD"],
      "keepOriginalAdvance": false,
      "enablePathCentering": false
    }
  },
  "homoglyphs": [],
  "normalizedMappings": []
}
