{
  "_comment": "Extended Math Advanced Charset - 需要 variants/assembly 支持的符号（∑∫√等），默认关闭",
  "name": "extended-math-advanced",
  "version": "1.0.0",
  "categories": {
    "operators": {
      "characters": ["∑", "∏", "∐", "∫", "∬", "∭", "∮", "∯", "∰", "∱", "∲", "∳"],
      "codepoints": ["0x2211", "0x220F", "0x2210", "0x222B", "0x222C", "0x222D", "0x222E", "0x222F", "0x2230", "0x2231", "0x2232", "0x2233"],
      "keepOriginalAdvance": true,
      "enablePathCentering": false,
      "requiresVariants": true
    },
    "radicals": {
      "characters": ["√", "∛", "∜"],
      "codepoints": ["0x221A", "0x221B", "0x221C"],
      "keepOriginalAdvance": true,
      "enablePathCentering": false,
      "requiresVariants": true
    },
    "delimiters": {
      "characters": ["⟨", "⟩", "⟪", "⟫", "⟬", "⟭", "⟮", "⟯"],
      "codepoints": ["0x27E8", "0x27E9", "0x27EA", "0x27EB", "0x27EC", "0x27ED", "0x27EE", "0x27EF"],
      "keepOriginalAdvance": true,
      "enablePathCentering": false,
      "requiresVariants": true
    }
  },
  "homoglyphs": [],
  "normalizedMappings": []
}
